	top20
0	"[ 11  63 133  99 173 189  97 271 113 184 179 182 209 169 264  95 195 212
 131  22]"
1	"[ 49 312 315 250 314  18 256 296 297 302 291 306  12 278 280 300 279 311
 289 307]"
2	"[317 271 299 306 331 330 327 326 353 342 333 344 347 336 349 244 293 322
 329 348]"
3	"[  49  356  302  353  287  355  360  293  263  259  559  560  561  562
  558  557  563 1681  564  565]"
4	"[172  99  97 184  88  78 175 210  68 208 434 143   0 233 152 221 428  41
 240 427]"
5	"[317 482 133  99 186 512 479  97 356 514 478 487 179 182 196 123 523 510
 483 198]"
6	"[126 190 482 173 284 167 189 479 656 171 222 184 514 478  88 182 504  78
  21 653]"
7	"[126  49 189 171  88 182  78  21 510 209 650  55 175 257 181   6 143 187
 685 567]"
8	"[478 486 526 506 520 297 285 339   5 690 536 566 557 558 559 560 561 562
 563 564]"
9	"[ 63 126 602 190 482  99 473 284 167 656  97 222 487 182 504  21 123  47
 198 495]"
10	"[ 11 190  99 189 184  21 523 134 193 215   8 202 174 651 662 203 520 434
 735 734]"
11	"[317  49 190 171  95 195 131  27 203  81 683  70 734 299  96 275 281  14
 199 470]"
12	"[ 63 317 172 482  99 177 167 189 479  97 271 301 184 487 179 504 123  47
 523 209]"
13	"[407  49 602 312  99 173 473 284 167  97 171 356  21 180 497 212  22  55
 241 175]"
14	"[126   8   6 136   0 299 221 458 741 507 470 306 285 590 273 330  19 404
 936 923]"
15	"[ 63 317 602 190 133 177 173 167 656 356 478  88 182 196  21 653 495   7
  95 193]"
16	"[  8   0 507 236 124 150  12 743 244 557 556 558 563 559 560 561 562 566
 564 565]"
17	"[168 407  11  63 317 190 482 512 189 184 514 478 487  88 179 965 198 495
 169 180]"
18	"[312 257 434 654 152 691 309 381   3 200 571 565 557 558 559 560 561 562
 563 564]"
19	"[ 97 171 193  86 175 207  68 143   0 185  10  94 741 120 567 117 404 287
 596 251]"
20	"[ 99  97 319  55 241 257 128 838 233 221 297 741 291 120 590 557 117 163
 670 843]"
21	"[172 167 171  78 510  95 193 194 175 257 207 203 509 434 647 185 152 221
 116 240]"
22	"[ 49 190 482 426  97 171 356 182 510 169  82 527 314 195 212 132 257 188
 526 268]"
23	"[ 63 317 190  99 177 426  55 215 257   8 274 128 152 116 741 507 474 285
 366 762]"
24	"[168 126  49 173 479 426 356 113 196 180 519   7 632 497 134 477 257 188
 614 207]"
25	"[ 126   99  314  257    8    6  268  256  332  116  741   14  507  236
  291  149  124  285 1008 1015]"
26	"[ 99 514 297 245 741 507 474 120 294 595 280 924 369 977 324 540 564 557
 558 559]"
27	"[ 11  49 172  99 173 479  97 222 478  88  78 257   6 227 208  69 645 233
 152 221]"
28	"[  97  301  188  268  269  331  342  873  244  293  747 1017  677  688
  357  258  538  559  562  558]"
29	"[ 180    6   27   81  434 1006  530  285  254  537  300  293  677  288
  230  538 1012  687  617  563]"
30	"[301  78 123 483 497 134 492 513 704 503 320 681 885 566 560 555 556 571
 557 558]"
31	"[  99  256  275  245  116  590  150  117  249 1015  865 1011  248  244
  293  289  234  258  121  564]"
32	"[312 257 332 291 306 750 327 342 894 871 567 560 573 554 555 572 556 557
 558 559]"
33	"[ 241  285  309  331  689  328  244  311  298  258  557  556  558  563
  559  560  561  562 1681  564]"
34	"[ 241  331  321 1024  258  876  242  679  572  562  555  556  557  558
  559  575  560  561  563  571]"
35	"[268 267 306 309 881 318 338 747 681 882 884 564 557 558 559 560 561 562
 563 529]"
36	"[182  78  21 264  55 194 175 221  10 116  54 160 402 287  23 684 596 362
 539 947]"
37	"[317  78  21 132 215 210 256  27  81   0  70 525 431 233 152  94 507 422
 160 403]"
38	"[314 257 305 299 332 899 346 344 351 566 559 571 553 554 555 556 557 558
 560 567]"
39	"[257 749 332 302 267 346 270 339 344 753 293 879 242 536 561 556 557 558
 559 560]"
40	"[312  99 173  97 169 180 264  68  27 208 434   0 745 152 517  30 485 422
 285 750]"
41	"[ 11 602  97 171 356 184 478 182  78  47 209 495 264  95 195 193 215 194
 175 210]"
42	"[ 63 317  49 172 190 284  97 271 113 301 315 965 209 180 314 497  55 215
 274   6]"
43	"[602 190 173 473 167 356 184  95  55 215 194 175 257 207   8 256 227 529
 208 203]"
44	"[ 126   99    0  275   14  236  120  117  762  108   24  475  471  472
  951 1059  107   20 1060  564]"
45	"[ 126  312  180    6  332  306  908 1061  150  327  326  689 1023  287
  537  293  558  559  560  561]"
46	"[301 305 267 291 339 994 322 320 323 554 555 562 557 558 559 560 561 556
 564 563]"
47	"[ 49 602 186 173 426 171 653 510 209 169 180 131 194 660  27 227 305 655
  70 424]"
48	"[312 172  99 167 656 171 301 184 212  55 257 115 513   6 174 203  69 128
   0 178]"
49	"[   8 1083  245  507  474  124  285  252  122  822  324  559  560  561
  558  562  563 1681  564  556]"
50	"[  63  495  131  181  484  147  678 1681  565  558  559  560  561  562
  563  564  567  566  556  568]"
51	"[ 656  426  497  115  274  256  530   94  741   14  474   92  286  844
  249 1008  404  279  747 1085]"
52	"[ 99 173 198 180 257 227 844 249 923  23 280 747 570 564 559 576 575 560
 561 562]"
53	"[ 126   49  312  301  257  256  297  275  332  272  267  741  474  236
  120  117  146  326 1015  684]"
54	"[  88   55  256  143  272  404 1015  684  677  253 1088  563  564  562
  561  560  565  567  566  558]"
55	"[168  63 173 167  97 171  78 180  95 195 193  55 215 194 257 188   6  68
 227  81]"
56	"[172  99  78 198  55   6  27 203 221 297 281 236 247 587 418 150 249 270
 843 303]"
57	"[407  63 317  49 172 482  99 479 271  88 849 653   7 197  44 922 193 215
 194 708]"
58	"[168  11 126 317  49 172 133  99 512 426  97 171 487 182  47 510 495 169
 527  44]"
59	"[ 63 177 473 479 426  97 171 271 179 182 504 196  78 510 198 488 632 497
 131 658]"
60	"[ 330  346  327  689  322  677  341 1126  242  567  566  553  571  570
  554  555  556  557  558  559]"
61	"[  11  317  172   99  167  113  301   88  179  182  180    7  497   95
  212  131  134 1130  215   58]"
62	"[ 407   49   99  250  241  115  305 1006  299  125  221  245  267  507
  236  149 1136  761  110  249]"
63	"[ 11  63 317 172  99 186 514 198  82 180   7 632  95  55 215 175 526   8
 210   6]"
64	"[ 317  172  190   99  426  196 1141   47  209  195  134   55  215  660
  210    6   69  434  735  525]"
65	"[180 257   6   0 297 116 741  14 474 470 287 248 596 280 279  20 876 562
 574 573]"
66	"[  63    6    0  275  120  150  404  146  471  832 1092  122  826  239
 1094  121  870  742  567  563]"
67	"[  49  177    6  281  116  741  236  470  124  117  404  287  244 1027
 1046  410  568  573  560  561]"
68	"[  11   99  173  426   47   55  257    8  174  128  299 1142  332  267
  507  149  590  150  255  146]"
69	"[168  49 190 184  88 196  47 510 209 264  95 481 175 188 526 210  68 227
  81 192]"
70	"[ 49 133 284  88 922 134  55 221 275 461 345 474 150 153  64 288 562 563
 564 565]"
71	"[ 11  63 126 602  99 479 426 171 356 514 478  88 179  78 123  47 483 209
 180 519]"
72	"[ 11 126 317 172  99 473 479 656 356 478  88 179  47 922 195  55   6  27
 506 155]"
73	"[  99  284  271  123    8  136  128 1083  125  332   14  236  149  120
  287  325  300  323  564  561]"
74	"[  99  189  495  136  272  741  474  236  120  124  150  117  270  146
  290  596  475 1149  471  951]"
75	"[  11   63  602   99  473   97   88  196  134   22   58  257  174 1157
 1006   60  810  275  530  332]"
76	"[ 49 482  99 173 473 167 171 356  88 483 209 180 264 497  22 522 194 175
  68 143]"
77	"[ 268  297 1159  254  322  288  411  556  555  562  557  558  554  553
  559  560  561 1681  563  564]"
78	"[ 49 312  99 123 250   6 268 136 812 245 302 507 149 899 261 285 739 936
 287  12]"
79	"[ 49 198  44 193  86 207 268 233  57 214 422 698 581 465 885 537 568 563
 564 565]"
80	"[168 317  97 123   6 431 221 281 272 741  92 470 150 273 117 146 475 543
 279   2]"
81	"[ 63 126 190 177 173 512 479 656 356 184 478 182 198 519   7 264 134 193
  55 215]"
82	"[  21  209  180  264  215   27  662   81  683    0  185  233   96   94
  116  659  214 1100  691  470]"
83	"[ 11  63 527 264 193 522   6 528 221 741 236  30 120 150 384 404 147 290
 878 321]"
84	"[126 317 186 479 426  97 271 191 478 487  88 123 510 198  82 527   7 646
 497  44]"
85	"[ 257  299  285  326  287  888  318  878  871  288  880 1174  557  558
  559  556  560 1681  561  555]"
86	"[1188   63  317  191  514  182   78  209    7   95  195  650  134   86
  522  207    8  210  181  518]"
87	"[ 301  314  749  689  903  300  320  885  880  260  561  560  559  558
  562  563  557  556 1681  565]"
88	"[126 196  82 212 215 706 256 693 812 935  13 245 116 267 282 516 731  92
 149 220]"
89	"[  11  317  602  312  190  482   99  177  186  189  656   97  271  356
  184  179  965  196   78 1124]"
90	"[ 63 317 312 133 173 479 426 171 356 514 478 483 180 264 481 194  27 506
  81 192]"
91	"[ 317  312  172  190  133  167  189   97  171  222  514   88  179  962
  182   78 1141   21  123   47]"
92	"[274 221  14 124 844 476 814 475 234 819 411 563 562 561 565 560 559 558
 557 564]"
93	"[ 11  63  49 602 312 482  99 173 167 656 222 184  88 179  78 495 169   7
 264  95]"
94	"[ 63 172 190 482 177 173 473 656 171 356 184 504  78  47 495  82 180 264
 497  95]"
95	"[ 63  49 172 482  99 473 478  78 483 169   7 197  95  86  22 477 175 518
 434   0]"
96	"[ 49 173 167  97 356 191  88  78 483 193 481 660   6 429  27 227 434 654
 431  96]"
97	"[ 172  115  208   69  654  516  162  744   46  320  937  559  561  562
  563  558  564  557  560 1681]"
98	"[ 11  49  99 167 962  78 123 180 264 195  55 257 181   6 202  68 203 693
  10 245]"
99	"[ 312  301  315  749  332  267  291  343  353  287  339  690 1237  904
  751  347  322  320  989  288]"
100	"[  49  221  281  236  120  470  117  303  404  108   23  595  814  974
  280 1050 1092  283  927  251]"
101	"[ 49 312 172  97 301 514  88 182  78 523  82 180  95 194 175 207 529 662
  69 509]"
102	"[126  49  95 526  68 143 299 233 125 221 116 120 470  23 567 564 565 563
 566 562]"
103	"[ 99 284   6 268 292 299 281 116 282 345 474 247 149 750 286 330 346 712
 146 326]"
104	"[ 271  257  332  267  306  285  751 1681  556  557  558  559  560  561
  562  563  565  564  554  566]"
105	"[ 63 312 284 222  21  47   7  44 922 195 212 193 164  68  85 683 434   0
 525  96]"
106	"[ 301  257  268  299  332  304  270  339  320  556  557  558  563  555
  560  561  562  559 1681  564]"
107	"[ 49  99 514 180 274 136  13 281   9 236 120 470 124  12 289  20 566 563
 562 564]"
108	"[ 126  317   99  177  171  356  222   88  182 1038  519    7   95  195
  194  175  257    8    6   68]"
109	"[ 78  21 194  27 203  81 299 187  10 201 731 306 422 793 366 211 567 750
 331 657]"
110	"[ 312  271  241  268  332  895  886  327 1023  339  325  300  534  565
  557  558  559  560  561  562]"
111	"[301 315 305 749 299 302 306 285 330 346 326 353 902 321 753 747 311 983
 677 288]"
112	"[  99  241  125  245  507  261  285  326  325  318  276  328  321  293
  320  594  677  323 1251  975]"
113	"[190  99 182 504 653 209 495 519  95 481 194 181 268 174 203 506 185 178
 156 639]"
114	"[ 11 126  49 177 186 171  88  21 510 495 180   7 264   8 268  68 227 529
  81 442]"
115	"[312 186 184 179 483 198 194 660   6 256 136 603 749 530 247 261 420 285
 886 750]"
116	"[ 11  49 312 173 167  97 180  55 194 175 257 256   0 221 297 116 267 741
  14 149]"
117	"[133 173 473 184  21 653 510 527  22 175 192 654 155 199 474  31 432 420
 163 852]"
118	"[ 11 312  99 173 271 510 198  82 212  86 274 181 268  85 208 192 683 143
 525 187]"
119	"[  8 256 281 124 285 404 923  24 147 244 251 545 566 563 559 560 575 561
 574 562]"
120	"[173  97 191 514 179 180   8 274 513  85 136  13 125 508 116 507 427 120
 124 630]"
121	"[190 186 426 510 174  69 509 735 469 508 214 377 422 791 211 726 381  45
 213 707]"
122	"[126  49 284 479 426 191  21 510 486 131 134 481 274 164 706 605 734 530
 484 846]"
123	"[  49   78  165  495   95   10  156  225  615  549  562  564  563 1681
  565  560  559  558  561  567]"
124	"[ 63 317  49 172 482 133 173 189 656  97 356 478  21 510 495  82 197 497
 193  86]"
125	"[ 312  301  257  261  750  331  326  287  318  904  751  321  244  293
  322  681  288  883 1174  877]"
126	"[299 267 285 287 226 379 228 293 747 448 449 242 565 558 534 559 560 561
 562 563]"
127	"[  63   49  602  172  189  426   97  965  504   78   47  209   82 1038
  264  212   55  135  215  481]"
128	"[312 271 257 268 302 267 306 269 330 326 287 338 994 244 872 573 565 534
 560 535]"
129	"[ 11  49 172 133 173 167 171 356 315 182  21 209 495  55 215 194 175  68
  27 227]"
130	"[ 312   99  284  301   18  274  749    0   13  125  220  285  273  844
 1280  540  565  559  560  561]"
131	"[123 274 136 921 153 563 555 556 557 558 559 560 561 562 565 564 553 566
 567 568]"
132	"[ 314  257  750  303  327  321  293  259  555  556  557  563  558  554
  559  560  561  562 1681  564]"
133	"[312 257 299  14 285 750 338 878 747 322 891 258 538 566 570 556 557 558
 572 559]"
134	"[ 11 602 184 182  78 264  22 175 257 227 442 652 503 474 430 565 938  32
 641 942]"
135	"[ 312   99  222  514   88 1141   55   18   13  297  275  116   41  846
  746  568  569  557  574  558]"
136	"[ 49 171 182 194 256 143 299 221 116  14 236  54 249  50 326 248 596 471
 545 234]"
137	"[317 482  99 284  97 356 184 483 495 492 522 115 210 518 513 616 516 149
 613 237]"
138	"[126 221 245 302 267 507 306 285 457 572 562 557 575 558 559 574 560 561
 563 571]"
139	"[257 267 331 318 333 871 300 321 879 288 324 562 555 556 557 558 559 560
 561 573]"
140	"[  49 1141  257  749    0  299  221  116  236  470  124  150  273  404
  327  287  294  743  863  475]"
141	"[168  88 180 188  27  81  54 287 894 349 361 357 242 568 535 561 562 563
 564 565]"
142	"[ 330  346  327  681  324 1681  554  555  556  557  558  559  560  561
  562  564  563  552  565  566]"
143	"[  63   49  312  190  284  189  479  171  301   88  179  196 1141   21
 1038  180  527   95  193   18]"
144	"[ 49  99 173 171 301 184 182  78  21 264 314  55 215 194 257 274 181   6
 202  68]"
145	"[ 312  301  299  345  306  261  346 1293 1021  687  570  560  553  554
  555  556  557  558  559  571]"
146	"[ 257  268  291  750  304  689  339  344  903  338  559  555  554  556
  557  558 1681  562  560  561]"
147	"[ 168  407   97  171  356  113  184 1038  115    6  227  203  506   69
  176    0   70  528 1148  508]"
148	"[268 895 309 304 326 318 300 311 320 688 307 563 555 556 557 558 559 560
 561 562]"
149	"[126  49  99 180 128   0 292 245 272 267 474  92 220 120 627 146  12 277
 409 457]"
150	"[168  11  63 317 190  99 479 171 356 222 113  88 182 504 196  78 653 483
 209  82]"
151	"[312 190 482  97 271 965  21 131 203  96 240 156 124 285 698 110 150 844
  50 146]"
152	"[ 63 126 173  21  55 215 509 322 320 677 567 560 561 562 563 564 565 566
 533 568]"
153	"[ 49 479 356 301 478 487  88 483 134 241 526 181 174 136 201 461 332 285
 142 413]"
154	"[291 285 327 318 293 747 322 320 323 324 987 555 557 556 553 554 559 552
 551 558]"
155	"[ 11  63 317 191 179 196  21 123  47 640 204 660 210 136 316  57  10 275
 345 572]"
156	"[ 126  136    0  292  297  272  267  282  507   92  149  273  739  249
  404  146   24    2  747 1301]"
157	"[126  49 482  99 189 171 182  78 123   7 215 175 115 181 136 227 529 203
  81 509]"
158	"[126 257 116 236 120 470 285 110 309 327 219 684 814 248 871 244 450 747
 322 545]"
159	"[  49  602  186  173   78  123  483  134   22   55    6  174  429  136
  227  603  208    0 1018  431]"
160	"[126 317 190 186 173 167  97 653  47 212 134  55 522  13 275 201 507 214
 285 273]"
161	"[  49  173  180 1018  221  297  116  741   41  120  709  150  229  627
   24  942  684 1011  596  543]"
162	"[ 63 317  97  55 215 233  96 285 346 287 625 555 556 557 558 559 560 561
 562 563]"
163	"[312 180 299 275 332 116 236 120 124 117 330 147 684 596 280 321 618 244
 747 322]"
164	"[180 650 215 257  68 418 331 303  90 287 371 324 571 574 558 559 560 561
 562 563]"
165	"[257 299 345 327 287 342 321 747 322 893 555 560 557 558 559 554 553 556
 563 561]"
166	"[ 168  602   47  658  132  135  203  125  221  485  403  567   72  391
  674  380 1146  948  231 1125]"
167	"[  99  257    6  256  221  281  116  741   14 1277  150  273  287 1015
   24  294 1196  254  865  595]"
168	"[126 602 173 171 180 132 603 704 233 428 878 300 307 259 558 563 562 564
 560 559]"
169	"[ 332  291  327  748  244  298  880 1681  553  554  555  556  557  558
  559  560  551  561  562  563]"
170	"[ 312  301  305  267  291  343  326 1021  244  534  563  555  556  557
  558  559  560  561  562  564]"
171	"[ 602  482  177  656  487  182  477  513  429  176  461  484 1171  581
  219  579  696 1133  566  561]"
172	"[ 241  299  267  291  285  327  878  321  293  322  879 1264  677  288
  937  259  569  556  571  557]"
173	"[271 196 123 314 195  55 215  27 203  81 654 901 292  13 275 332 116 267
 659 236]"
174	"[126 482 182 495  95 131  55 175   8  70 659 214  30 628 668 575 566 578
 562 563]"
175	"[  49   99  271  257  296  749  302  269  235  750  249  304  326  287
   12 1011  293  323  239  874]"
176	"[ 317   99  167  171   88  196   78   21  123 1038  197  195  650   86
   55   58  194  181  202  174]"
177	"[133 177 186 479 426  97 301  88 182  21 198 209  82 180 519   7  95 195
 650 134]"
178	"[ 271  315  314  257  268  749  302  345  309  750  330  304  353  344
  894  904  338  300 1315  533]"
179	"[ 172   78   82  212 1130   55  215   68   27  203  693  155  201  461
  731 1118  120  430  422  432]"
180	"[1366  407  301  123  250  257    8    6  268 1341 1376  305    0 1374
  921   13  275 1343 1387    9]"
181	"[ 99 171  68 292 221 282 236 120 470 422 844 762 863 122 559 560 561 563
 558 564]"
182	"[482 264  95 202 256 221 272 484 240 269  87 249 330 404 226  53 719 293
 561 224]"
183	"[  63  190   99  186  173   97  171  514   88   21  123 1395  510  180
  646  497  195  131  477  257]"
184	"[126 317 284 222 113 514 196 198 527 195  22 215 274 268  85  27  14 236
 938 739]"
185	"[ 99 301 256  70 469 299  94 332 116 741 236  30 587 590 565 938 117 384
 249 225]"
186	"[  63  190  426  209  195  658  134  522  115  274  174   85   27   69
  214  731  521 1118  791  432]"
187	"[126 172 190 473  97 356 184  78 510 209 180 204  95  55 215 194 210   6
  68 208]"
188	"[126 172 482 133  99 173 473 512 479 656 478 504 196  78 483 495 519  95
 606  44]"
189	"[ 301  268  299  221  281  332  116  741  117  750  627  404  146  339
  290  894 1312  293  747  973]"
190	"[312 271 301 268  85 895 306 269 285 750 331 327 287 342 751 300 753 556
 557 559]"
191	"[ 126  301  257  256  275 1136 1159  339  276  475  300  251 1404 1060
  947  564  561  562  560  559]"
192	"[126  99 173 209  95 193  55 194 257 749 683 434 442 233 275 116 267 484
 306 692]"
193	"[ 11  63 126 190 186 426  97 171 191 184 478 179 123 510 209  82 180 204
 519 197]"
194	"[  99  495  180  264  212  650  131  257  920  185  299   60 1083   13
  297  272   54  468  420   98]"
195	"[ 250    7  241  662  305  654  427  691  237  285  110  579   24  380
  392 1117   93   66  624  556]"
196	"[126 312 186 173 189 301 514  88 315  78 510 209 180  95 650 194 175 257
 529 749]"
197	"[317  99 173 426 171 356 179 182 196  78 653 510 497 195 650 134  22 175
 257 526]"
198	"[284 241 257 275 116 267 474 220 285 110 404 321 472 293 677 323 988 258
 686 987]"
199	"[317  49 312 172 190 173 356 182 209 204 527   7 264  95  44 195 134 477
  55 257]"
200	"[  49  312   99  186  173  512  284  189  479   97  271  356  301   88
  196   78  209 1038    7  264]"
201	"[172 171 514 483 603 282 285 557 558 559 560 561 562 563 564 555 565 566
 567 568]"
202	"[ 49 180   6   0 281 116  92 247 470 150 331 249 270 303  23 325 147 618
 293 320]"
203	"[ 190  171  301  314   44  215  481  257 1193  296    0  291  285  309
  303  339  873 1021  244  747]"
204	"[312 315 257 268 332 303 327 325 983 677 288 242 567 566 555 572 556 557
 558 559]"
205	"[ 312  301  314  257  749  332  895  899  689  287  881  888  339  902
  894  903  244 1312  293  322]"
206	"[317 312 190 133  99 186 173  97 191 182  78 169 180 204 519   7 264 134
 193  86]"
207	"[301 196 523  55 215 522 207 210 513 429 662 203  69 434 185 201 427 401
  87 366]"
208	"[ 407   49  250  241  257  268 1136  303  897  905  765  300  320  348
  350 1104  687  565  569  557]"
209	"[126  49 133 186 356 184 196 483 209  95 134 215 522 175 526 210 181 256
 203  69]"
210	"[126 356 180 256  68 227 525 299 302 285 309 454 677 875 686 262 569 564
 560 573]"
211	"[ 190  426  514  179  196  510  178  285 1681  563  558  559  560  561
  562  564  556  565  566  567]"
212	"[ 11 317  49 602 172  99 173 473 171 356 514 179  78  47   7 131 134 132
 175 513]"
213	"[ 407   11   49  312  482  133  186  284  301  184   78   21 1038   44
  212  131   22  477   55  215]"
214	"[  63  482  473  356  184   88  182  196   21  209 1038  204    7  193
  215  257  210  181   81   69]"
215	"[ 11 173 167 171 356 497 195 650   8   6 651  68  27 227 203 143 233 152
 297 201]"
216	"[173 184  21 194 175 257 181   6  81 143 116 120 565 117 225  67 684 577
 596   1]"
217	"[ 11  99 653 264 193 207 429 208 515 503 272 516 761 153  32 788   3   4
 694 409]"
218	"[113 131  81 178 302 214 567 346 881  12 934 545 561 556 575 557 558 559
 560 574]"
219	"[305 297 332 302 267 285 287 342 318 300 681 324 615 556 549 550 551 552
 553 554]"
220	"[ 317  172   99  171  271   47  495  264  257  256   68  203   69  683
  128  267  507 1072  474   91]"
221	"[ 11 126 312 172 171 356 301  21 209   7  95 195 134  86 526   8 181   6
  68 203]"
222	"[317  21   7 215 257  68   0 469 299 968  10 297 275 281 741 236 247 422
 285 142]"
223	"[ 317  190  177  222   21 1038  527  195  134  257   68   85  654  631
  299   10  281   14  214  517]"
224	"[  63  479  171   21  135  192  236  491  142  417 1442  244  562  564
  561  560  559  558  563 1681]"
225	"[ 168  479   97  179   55  241  257    8    6   27  208   13  282  149
  269  249  146   23 1116  572]"
226	"[  49   18  115    8    6  292  125  275  116  474   92  149  120  285
   24  294 1009  243 1007 1016]"
227	"[312 426  97 271 650  86 203 654 474 326 689 287 649 885 559 563 558 560
 557 561]"
228	"[312 301 314 257 749 285 346 327 339 747 311 348 259 357 874 558 557 559
 556 555]"
229	"[ 49 171 356 184 962 182 510 483 198 209 180   7 632  95 606 195 175 181
   6 227]"
230	"[126 180 125 120 150 404 923 475 747 251 845 561 565 562 560 563 564 559
 558 566]"
231	"[ 63 317 312 172 190 482 473  97 271 514 196  21 180   7 314 497  95 650
 193 492]"
232	"[ 312  190  173   97  356  514  653   47  204  922   55  481  207  268
  256   68 1193  498   81  192]"
233	"[ 11 317  49 602 190 482 133 186 167 656 426  97 191 962 315 849 965  78
 653 483]"
234	"[ 99 173 473 189 479 184 514 196  78  21 510 519 197 646 212 134  86 522
 274 210]"
235	"[312 133 186 171 222 184 182  78 169 264 477 194 660  68 203 506 704 442
  70 734]"
236	"[602 190  99 512  97 184 478 182 198  82 527  22 210 513 493  27 498 152
 422 501]"
237	"[ 180  257  299  297  120  110  117  219  814  475  251  545 1189  755
  457  561  557  573  558  559]"
238	"[602 133  99 186 512 167  97 271 113 478 487  88 182  78 653 123 209   7
 197  95]"
239	"[ 312  299  287  342  878  897  300  288  335  554  555  556  557  558
  559  560 1681  561  563  564]"
240	"[312 301 749 291 306 886 331 689 349 293 879 555 556 557 558 561 559 560
 563 562]"
241	"[ 305  236 1136  304 1151  290  360  933 1356  567  559  552  553  554
  555  571  556  557  558  560]"
242	"[ 126  172  222  510   82 1038  195 1465  193  207  274   68   27  136
  434  654  128  812  316  631]"
243	"[ 190   99  167  171   88  179  182   21 1038  180  264  195  134  215
  257  207    6  706  651   68]"
244	"[  49  180  221  472   93 1027  410  239  111  563  562  561 1681  560
  565  559  558  557  564  567]"
245	"[  99   97   82    7  264  195  194  175   81    0  469  918  424  201
  116  214 1072 1100  120   54]"
246	"[ 49 271 250 256  27   0 735 110 150 750 270 568 559 560 561 562 563 564
 565 566]"
247	"[126  99 173 473 167 113 184 514 182 483 209 180 197  95 193 588 256 185
 178 233]"
248	"[168  99 173 167  97 171 356 478  78  21 123  82 197  22 215 175   8 181
  85  27]"
249	"[ 63 126 173 473 479 356 222  88 495  95 195 134  22  55 194   6  68 203
 128 812]"
250	"[ 11  49  99 426 171 182 180 519 264 131 257 256 143 611 221 297  14 236
 120  54]"
251	"[ 99   8 274   6 128 299 267 741 739 276 559 564 558 557 556 560 561 562
 563 568]"
252	"[ 63 126  49 172 482  97  88 182  78 209 495  82 197 646 486  86 215 526
 202 174]"
253	"[ 49 173  97 356 182 198 131 135 175 257 210 256 654 611 442 185 233 187
  96 221]"
254	"[ 97 184 257 233 435 270 762 404 217 447 287 216 248 878 824 454 471 832
 747 322]"
255	"[  11  126  171  180  486  194    8    6   85  442  187   96  275  201
  741  236 1118  691  120  160]"
256	"[  49   99   58  257  115  164  136  275  530  461  236  220  306  150
  304  223 1461  404  287  344]"
257	"[312 271 314 309 750 310 331 689 287 747 322 872 288 892 242 562 532 556
 557 558]"
258	"[ 11 312  97 356 179 209 175 268 749 316 116 199 761 958 404 254 771 107
 234 562]"
259	"[ 312  271  299  325  537  318  321  681  989  361 1024 1104  564  558
  559  560  561  562  557  563]"
260	"[ 116 1236  303  358  339  596  338  321  293  747  409  341 1024  891
  258  874  987  566  570  554]"
261	"[ 63 317  49 190 173  97 222 184  21  95 922 194 257 708 274  27  70 735
 616 292]"
262	"[ 63 126 317 482 133 167 271 182 196  78  21 209 204 527 264  95 522 194
 175 660]"
263	"[ 11 167 182 653 523 209 319 658  55 215 708 207 202 174 605  69 654 812
 442 178]"
264	"[180 257   6 256 299 741  14 470 124 590 150 117 327 476 278 471 408 409
 933 565]"
265	"[ 312  271  123  282  507  873  675 1681  562  556  557  558  559  560
  561  564  563  554  565  566]"
266	"[ 49 186 473 167 479 171 113 478  21 653 483 646 215   6 174  27 227 203
 683 176]"
267	"[168 482 133 473 167  97 356 113 301 182 483  82 180 204 264 197 134 193
 257 188]"
268	"[ 63 126  49 482  99 173 473 284 167 426  97 171 271 179 315 182 504  21
 653 483]"
269	"[ 172   97   82  180  175  257  274  706  305   69  683  155  735   96
  221  281  508  236  240 1118]"
270	"[ 63 317  49 190 133 186 656 171 271 191 184 179 196  21 198 169  82 527
   7 264]"
271	"[  11  126  482  177  473  171  356   21   47    7  497  520  316   10
 1100  468  287  200  771 1392]"
272	"[ 901  302  899  310  304  327  689  318  344  320 1681  559  558  556
  557  561  555  554  560  565]"
273	"[ 49 495  82 180 477 207 274   0 116 741 149 470  87 110 117 163 844 712
 404 287]"
274	"[172 190  97  88 182 495 519 264 522 175 257 207  68  27 434 143 185 299
 745 968]"
275	"[168 407  63 126 317 473 167 426 271 356 222 301 179  21 123 209 495 180
   7 264]"
276	"[284 301 180   8 256 128 281 116 272  14  92 120 285 590 150 273 627 404
  24  23]"
277	"[602 172  97  21 268 305 524 310 346 300 293 572 532 556 574 557 558 559
 560 561]"
278	"[1499  407   49  172  173  167  113   88   78 1141  653  488  264   95
  486  215   58  194  115  708]"
279	"[126  49 482  99 179 315 209 180 264  95 131 134 194   6  68  85 662 498
 203  81]"
280	"[257 331 537 321 681 937 337 988 876 557 556 558 562 555 554 559 560 561
 564 563]"
281	"[301 257 268 306 304 270 326 287 878 293 337 324 538 565 558 559 534 560
 561 562]"
282	"[ 49 209  82 658 193 215 708 208  69 185 431  94  41 237 587 124 844 287
  23 675]"
283	"[312 257 268 299 345 285 886 331 304 343 303 327 339 338 905 321 681 323
 258 558]"
284	"[312 190 167 215 513 268 901 275 236 149 150 627 287 537 454 681 546 540
 565 566]"
285	"[ 126   49  190   99  167  271  356   88   82 1038   95  195  132   55
  194  257  708  207  274    6]"
286	"[ 97  55 207 256  27   0 155  10 297 275 116 267 345  91 247 590 110 249
 346 460]"
287	"[  11   63  126  317   49  177  271  356 1038  195  131  526  181   68
  176  316  299   96  275  201]"
288	"[   6    0  281  470  404  146 1015   23  684  814  472  409  925  848
  540  567  561  562  536  535]"
289	"[ 49 473  97 171 514  21 209 204 519 497 195 131 132 215 522 207 203  81
 192 143]"
290	"[173 167  88  47 495 180  55   6 174  27  69 143 155 469 178 187 272  14
 731  91]"
291	"[407 126 172  99 173 284 167 189 656 222 514 478 487 182  78 653 123 510
 483  82]"
292	"[ 11  63 602 133 473 479 656 171 478 182  78  21 653 123 165 483 250 209
 495 180]"
293	"[ 126  602  482   78    6 1006  901  299  221  281  245    9  741  507
  345  474  247  470  124  117]"
294	"[ 317  172  190  482  173  189   97  171  182  965  209  495 1038  497
  193  132  492    6   85   81]"
295	"[ 133  426   97  171  271   88  962 1141   21  653  123   47  483  209
   82   95   44  922   55  481]"
296	"[ 11  49 172 479  97 271 222 514  88 182 196  78  21 197 134 193 132  55
 215 194]"
297	"[ 177  473   97  171  184  196 1141  495  180    7  497  212  650  194
  202  651   68   27  506  143]"
298	"[ 126  317   49  172  133   99  173  284  167  478  640  510  209  495
  169 1038  180  197  606  134]"
299	"[ 99 256 327 871 321 260 242 947 570 562 554 555 556 557 558 559 560 561
 563 571]"
300	"[172 190 482 186 173 167 426  97 171 356 514  88 179  78  21 510 198 495
   7  95]"
301	"[ 257  302  306  269  327  878  321  244  322  308  298  562  558  557
  556  560  561  555  559 1681]"
302	"[407 317 482 133 479 171 301 184 182  78 653 209 180  95 650 193  86 175
 866 207]"
303	"[274 297 741 236 309 270 287 342 321 681 258 892 680 562 558 557 559 560
 561 566]"
304	"[168  49 482 133  99 177 186 173 189 426  97 271 356 191 301 182  78 653
 510 209]"
305	"[  99  241  115  274  268  305   13  149  286 1008   24   12  318  743
  863  475  234  565  564  563]"
306	"[168 407 312 172  99 173 473 426 113 514  88 182 196  21 510 264 194 257
 188 526]"
307	"[ 11  63 126 312 190 482  99 177 186 173 167 426  97 191 514 487  88 182
 965 504]"
308	"[ 241  305  299  332  302  325  323  937 1392  555  556  560  557  558
  554  559  553 1681  562  561]"
309	"[ 250  180  257  115  274  256   13  221  273  739  844  303   23 1021
  747  535  831  560  559  561]"
310	"[317  49 133 177 186 173 167 479  97 171 514  88 179 182 504  21 653 483
 198  82]"
311	"[ 407  602  172  482  133   99  473  512  189  479   97  356  113  179
  182  640  495  169 1038  204]"
312	"[ 63 317 190 133  99 186 173 656  97 113 514 487 179  21 198 204 264 497
  95 486]"
313	"[  63    8    6   27  203   70  734  125  275  281  245   94  267  214
   41  236  691  692  401 1502]"
314	"[ 11 126 602  99 186 284 167 656  97 222 301 184 179 653  47   7 650 193
 215 708]"
315	"[  63  317   49  482  189   97  356  179  196   21 1038  264  212  131
   18    8  529  305  520   70]"
316	"[299 267 330 270 327 325 349 244 322 350 568 570 555 572 556 571 557 558
 559 560]"
317	"[ 11  63 126  49 473 284 656 356 196 523 314 658 193 210 181 256  68 136
 480 203]"
318	"[312 301 332 878 879 337 266 555 556 557 558 559 560 561 562 563 553 564
 565 566]"
319	"[ 49 172  99 173  21 209   6 176 128   0 155 187  96  10 275 201 116 741
  41 691]"
320	"[ 49 190 482 133  99 473 514  88 179 123 483 198 495 204   7 197 646 606
 212 134]"
321	"[ 11 317  49 312 271 191 184 478  88 196 488 193 215 181 513 520   0 652
 178 507]"
322	"[126  99 171 222 179  78  21 198 209  55   8   6 202 256 299 297 281 245
 332 116]"
323	"[ 126  257    8  299  297  282  470  306  331  596  753  747 1032  876
 1093  559  560  558  557  561]"
324	"[126 312 482  99 186 473 167  97 356 184 179 504 196 483 180 134 132 492
 513 174]"
325	"[317  49 602 133 167 479  97 171 184 478 196  78  21  47 209 495 204 527
 632 264]"
326	"[168 407  63 126  49 602 312 172 190 473 191  88 196 209 264 197  95 195
 658 132]"
327	"[482  99 473 479  97 222 184 514 182  78  21 510 198 204 527 264 131 215
 522 481]"
328	"[ 11 482  99  97 271 514  78 123 180 257 268 296 654 128 511 299 275 302
 590 854]"
329	"[ 49 602 173 426 171  21 180   7 212 132 135 526 207 274 203 192  69  70
  57 152]"
330	"[ 63  99 189 478 179 132  58 241 181 513   6  68 704 652  57  10 810 214
 485 502]"
331	"[126 173  97  21 180 264 257   6 227 203  81 683 143 654 155 299  96  94
 692 565]"
332	"[ 97 179 315  78 314 275  87  65 738 747 872 893 568 569 572 556 557 558
 571 559]"
333	"[407 602 312 172 190  99 473 284 167 426 222 301 514 315 182 504  21 209
 169   7]"
334	"[ 268  346  270  327  287  244  677  323  259  560  562  561  557  559
  558  564  563 1681  565  566]"
335	"[ 123  215  207  654  152  275  201  281  116  741  691 1097  238  153
   65  844  404   12  398 1217]"
336	"[ 134  256  741  120  630  229 1015  228  370  105  234 1132  449  560
  559  558  557  562  563  561]"
337	"[407 602 482 133  99 173 167 479  78 510 483 169 131 193 132  55 210 493
 605 662]"
338	"[  11  602  189   97  191  301  478  182  495 1038  180  264  197  606
  195  131  134  193  132   22]"
339	"[ 173  171  180  204  264  203  434    0   70  185  525  503  422  401
  417  404 1132  566  560  561]"
340	"[ 291  886  287  293  879  875  876 1526  947  558  562  559  560  561
  557  556 1681  564  563  565]"
341	"[190 482 133  99 656 426 606 131  22  55 522 188 174 256 296 203 654 128
 812 155]"
342	"[ 11 190 482  99 186 473 653 123  47 198   7 497 195 131 134 193 274 210
 268  68]"
343	"[ 11 312 190 189 171 478 182  78 510 250 180 314  44 195 212  86 118 194
 175 207]"
344	"[ 63 312 172  99 173 284  97 171 271 301 478 196  47 250 314 650 131 215
 268 480]"
345	"[133 186 173 209  82 264 212 132 175 683 185 741 517 731 236 240  30 120
 142 581]"
346	"[ 11 126 317 172 167  97 222  78  21  95 131  86  55 215 207 181   6 256
  68  81]"
347	"[ 312   99    0  275  741   14  627  404  146  923  287  475  974  471
  472  244  293  927 1119 1027]"
348	"[   8  474  236  846  287  743  454  369  822  410 1116  104  411  563
  557  559  560  561  556  555]"
349	"[173 656 175 588 210 227 529 603 192   0 152 285 615 339 323 434 570 562
 563 564]"
350	"[ 312  749  291  285  358  339  537  878  753  872  989  983 1104 1315
  559  557  558  556 1681  562]"
351	"[172 656 182 180  95 215 181   6 745 233  54 567   3 563 564 565 566 568
 561 562]"
352	"[315 299 285 270 564 555 556 557 558 559 560 561 562 563 565 553 566 567
 568 569]"
353	"[317 602 190 482 133 173 284 479 656 478 179 196  78 123 510 198 497 606
 212 650]"
354	"[ 299  306  309  881  871  335  562  554  555  556  557  558  559  560
  561 1681  563  552  564  565]"
355	"[ 312  271  299  332  327  936  747  688  891  561  560  559 1681  558
  562  556  555  554  557  564]"
356	"[257   6 221 741 236 124 117 286 712 404 325 333 865 290 863 832 293 283
 927 983]"
357	"[ 356  131   58  481  895  468 1528  642  560  562  561 1681  564  559
  558  557  563  568  565  566]"
358	"[312   0 245 116 272 269 750 249 404  23 294 454 830 572 573 533 557 558
 559 574]"
359	"[126 190 133 301 962 196  78 165 510 250 495 180 193 194 241 115 268  27
 662 734]"
360	"[ 11 172  99 512 184 182 196 653 523 497 708 274 202 651 683 434 654 155
 178  13]"
361	"[ 257  332  267  287  293  311  335 1681  555  556  557  558  559  560
  561  562  564  563  553  565]"
362	"[ 168  133  473  113  315  182  504  264   95  195   86  188    8  181
  227   81  143  155   70 1006]"
363	"[ 268  689  287  320 1047  288  563  554  555  556  557  558  559  560
  561  562 1681  564  565  567]"
364	"[ 123  257  274    6  812  741   14  149  286  108   24   12  300  320
 1016 1047  288  907  947  893]"
365	"[184  55   6 442 163 852 435 217 447 446 183 218 853 572 671 859 567 560
 561 562]"
366	"[  99   55  257  245  199  249  435  447  287  200  325  333 1011   16
  773  378  218  664  759  566]"
367	"[ 49  95 319 435 217 287  16 378 218 636 566 395 550 564 559 560 558 561
 562 563]"
368	"[113 180 270 987 947 565 556 557 558 559 560 561 562 563 564 567 566 554
 568 569]"
369	"[ 11 656  21 510 264 658 492  55 115 174 256 603 208 704 607 152  41 237
 630 613]"
370	"[ 173   97   78  174  662  176  178  745   96  236   54   23  561  562
  563  564  560  565  559 1681]"
371	"[ 11 182 199 285 326 447 648 873 147  76 560 321 546 580 158 218 634 440
 671 324]"
372	"[126 317  99 473 426 356 113 487  88 209 519 195 486 650 708 210 513 268
 706 493]"
373	"[126 172 167 426 222 123 209 264 650  86 215 194 115   8 181   6 256  27
 203 128]"
374	"[ 683  442  299 1072  565  217  355   76   43   38  760  582  560  558
  557  556  561  562  559 1681]"
375	"[ 97 274 268  13 236 761 273 288 563 555 556 557 558 559 560 561 562 572
 571 565]"
376	"[ 312   99   55  442  153  750  163  353  287  747  322  218 1104  538
  539  558  559  560  561  533]"
377	"[ 11  49 190  99 171 271 301 196  47   7 195 193 132 257 526   8 174 920
 654 499]"
378	"[ 49 602 479  97 191 198 495  82 519   7 195 650 134 132  22 215 522 175
 210  68]"
379	"[1448   63  312  482  473  426  171  113  184  179  196   21  495  180
  922  131  134   58  175  526]"
380	"[ 49 190  99  82 646 497 134 132 215  29 174 651 693 128 511  96 458 659
 484 377]"
381	"[ 126  473   97  182 1141    8  136  480  170  275  530  638  507  474
   24  545  289  716 1533 1228]"
382	"[602 312 482 473 512 504 196 640  18   8  85 136 662  13 424 474 318 463
 320 544]"
383	"[271 346 342 747 688 354 569 561 554 555 556 572 557 558 559 560 562 570
 571 563]"
384	"[1366  407  173  473  284  167  479  171  113  179   78   47  523  198
  180  488  193   86   55  215]"
385	"[  49    6  120  454  545  565  556  557  558  559  560  561  562  563
  564 1681  566  554  567  568]"
386	"[168 167 487 179 182  47 198 209  82 519 197 650 132  55 135 188 115 207
 181 513]"
387	"[ 312   55  116  309  146  689  325    4  183  815  558  564  559  557
  560  561  562  563 1681  565]"
388	"[ 99  97 478 123 495 497 606 193 492 477 135 215 175 274 489  27 203 506
 612 655]"
389	"[  99  123  180  739  330  712  303  327  989  288  988  563  559  558
  557  560  561  556  562 1681]"
390	"[ 126  133  473  356  179  196   55  194  526  202  529  203  506  299
  187   96   14  496 1100  237]"
391	"[ 177  284   97  301 1141  165  510    7   22  257  164  128  292  178
  631  297  275 1142  332  846]"
392	"[168  11 317  49 312  99 222  82 632 264 195 650 658 135 188 526 274  69
 704 499]"
393	"[173 180 227  96 116 507  41 120 422 160  87 567 217 558 226 216 231 978
  66 772]"
394	"[ 63 173 171 314 631 120 150 923 254 364 891 566 559 560 561 562 563 564
 565 575]"
395	"[   0  273  750  327  147  290  321  677  929  105  840 1024  976  259
  985 1670  552  553  554  555]"
396	"[ 177  656  478  182  193   55    6  704 1018  116  220 1297  326  333
  321 1017  323  107  324  260]"
397	"[ 11  63  49 190 171 356 478 653 198 180 519 658 492 215 175 660 513  68
 227 480]"
398	"[126 172 167 113  21   7 195 526 174 654 812  70 530 272 458 741 474  41
 731 485]"
399	"[ 299  327  894  688  258  563  554  555  556  557  558  559  560  561
  562 1681  564  553  566  567]"
400	"[ 49 602 172  99 653 198 209 519 197 195 134 526 660 518 136 498 203  69
 434 461]"
401	"[126 479 478  47   6 256 233 125 110 150 254  15 234 763 622 565 557 558
 559 560]"
402	"[ 257  120  110 1681  555  556  557  558  559  560  561  562  563  564
  566  565  553  567  568  569]"
403	"[ 312  268  332  326  293  747  891  686  558  561  560  559 1681  557
  562  555  554  556  564  563]"
404	"[168 126 317 177 189 171 191 523 510 209 646  95 134  86  55 215  29 526
 513 651]"
405	"[ 11 317  49 478 487  78  47 510 198 495 180 646 212 650 522 481 194 526
 489 208]"
406	"[ 49 173 204 264 195 193 492 477 210 181  81 654 745 968 221 116 199 427
 237 156]"
407	"[257 747 688 682 572 563 554 555 556 557 558 559 560 561 562 564 571 565
 553 566]"
408	"[ 49 186 167 479 222 478 196  21 653  47 198 180 519   7 658  86 132  58
 164 202]"
409	"[ 299  285  881  747  311  554  555  556  557  558  559  560  561  562
 1681  552  563  564  565  566]"
410	"[ 167  171  195  650  181  208  404 1469  565  558  559  560  561  562
  563  564  567  566  556  568]"
411	"[317 172 479 426 134 174  27 192 201  91 633 435 217   3 437 560 562 563
 564 565]"
412	"[123   6 296 305 221 627 270 254 300 259 571 574 557 558 559 560 561 562
 563 564]"
413	"[ 99 293 263 564 554 555 556 557 558 559 560 561 562 563 565 552 566 567
 568 569]"
414	"[1523  153  242  564  554  555  556  557  558  559  560  561  562  563
 1681  553  566  567  568  569]"
415	"[ 63 133 177 173 426 271 478  21 209 606  55  68  70 935 505 233 245 116
 474  91]"
416	"[  11   63  126   97   82 1038  195  131  134   22  194  207  683  206
   10  424  130  741  199   41]"
417	"[ 312  268  303  300  361 1681  554  555  556  557  558  559  560  561
  562  563  565  564  552  566]"
418	"[ 172  704 1450 1681  562  554  555  556  557  558  559  560  561  563
  552  564  565  566  567  568]"
419	"[ 301   18  282  330  552  554  555  556  557  558  559  560  561  562
 1681  563  564  565  566  567]"
420	"[ 473  123  193  155  442  914  199 1681  557  558  559  560  561  562
  563  564  566  565  555  567]"
421	"[ 257  918  921  125  275  272  199  670  108  558  183  476 1016  378
  853  925  324  571  562  574]"
422	"[ 271  314  257  268  299   14  236  309  743 1133  897  347  322  568
  567  555  556  557  558  559]"
423	"[   8   24  260 1345 1681  563  554  555  556  557  558  559  560  561
  562  565  564  552  566  567]"
424	"[317 312 190 171 184 182 209  82  55 428 272 474 249 270 226  38 824 280
 321 747]"
425	"[ 602  479  632  492  210  181  429  525  607  503  428 1115  613  485
  570  561  575  557  574  558]"
426	"[301 299 318 681 340 937 679 554 555 556 557 558 559 560 561 562 564 563
 552 565]"
427	"[315 306 331 689 339 342 874 531 552 554 555 556 557 558 559 560 561 562
 563 564]"
428	"[  63  126  317  426  196  510 1038  632   44  132  708   85  498  143
  734   96  272 1118  466  490]"
429	"[526 655 128   9 564 555 556 557 558 559 560 561 562 563 565 553 566 567
 568 569]"
430	"[ 285  537  747  564  554  555  556  557  558  559  560  561  562  563
 1681  552  565  566  567  568]"
431	"[  49  221  741  236  110  273  294  545  619 1046  410  558  563  557
  559  560  556  561  562 1681]"
432	"[  49  172  301  324 1681  555  556  557  558  559  560  561  562  563
  564  565  553  566  567  568]"
433	"[ 814 1059  405 1681  553  554  555  556  557  558  559  560  561  562
  563  551  564  565  566  567]"
434	"[172 184 651 442 745 233 187 461 272 430 692 627 674 159 140   3 114 216
 379 695]"
435	"[ 173  131  132  741  237  156  160  432  502   65  844  657   72  225
  545  410  453 1205 1521  563]"
436	"[ 172  189  196  164  651   85  498  654   13 1261  238  418 1120  117
  417  754  583  707 1152 1112]"
437	"[  49   14  475 1027  556  557  558  559  560  561  562  563  564  565
  566  554  567  568  569  570]"
438	"[  13  124   12  564  554  555  556  557  558  559  560  561  562  563
 1681  552  565  566  567  568]"
439	"[ 689  885 1037 1681  565  555  556  557  558  559  560  561  562  563
  564  566  553  567  568  569]"
440	"[ 97 181 128  13  30 384 558 577  38 635  53 228  37  40 553 400  28 451
 571 562]"
441	"[  49  750  905  564  554  555  556  557  558  559  560  561  562  563
 1681  552  565  566  567  568]"
442	"[ 407   11  194  203  918  627  762  596  409  122 1244 1590  822  565
  569  555  556  573  572  571]"
443	"[ 331 1681  551  553  554  555  556  557  558  559  560  561  562  563
  564  565  566  567  568  569]"
444	"[  99   68   69  233  120   67  217  147  878  543  822 1033  568  574
  559  560  561  562  563  575]"
445	"[ 261 1293  359 1681  563  554  555  556  557  558  559  560  561  562
  565  564  576  566  567  568]"
446	"[ 136 1193  281  970  285 1008  380  290  562  556  557  558  559  560
  561 1681  563  555  565  566]"
447	"[  63   99  479  182  495  264  486  658  193  215  143  901  469  178
   57   96  461 1268  466  142]"
448	"[ 268  299  881  871  293  322  288 1681  562  555  556  557  558  559
  560  561  564  563  565  566]"
449	"[ 190  133  640  522  434  735  151  494 1108   24  559  563  558  557
  556  560  561  562 1681  564]"
450	"[  97  245  247  420  124  696 1031 1681  563  556  557  558  559  560
  561  562  564  554  565  566]"
451	"[ 483  180  632  486   86  492  181 1062  160  417 1298  564  558  560
  561  562  563  559  567  565]"
452	"[134 292 281 754 628 571 570 554 574 555 556 557 573 558 559 572 560 561
 562 553]"
453	"[ 174  942  714  293 1681  562  554  555  556  557  558  559  560  561
  563  552  564  565  566  567]"
454	"[ 191  181  442  707  365  635  703  774 1681  562  556  557  558  559
  560  561  564  563  565  566]"
455	"[ 143  647 1100 1681  554  555  556  557  558  559  560  561  562  563
  564  552  565  566  567  568]"
456	"[ 933 1681  563  553  554  555  556  557  558  559  560  561  562  564
  551  565  566  567  568  569]"
457	"[   9 1681  564  553  554  555  556  557  558  559  560  561  562  563
  565  551  566  567  568  569]"
458	"[ 681 1681  564  554  555  556  557  558  559  560  561  562  563  565
  552  566  567  568  569  570]"
